{"Mosaics": {"_type": "images/separated", "width": 1920, "height": 1920, "format": "jpg", "count": 3, "filenames": ["media/images/Mosaics_0_32b2af8a9c0d98773af2.jpg", "media/images/Mosaics_0_a38d8fb80d9466789697.jpg", "media/images/Mosaics_0_a4d2225a94b303543f82.jpg"], "captions": ["train_batch0.jpg", "train_batch1.jpg", "train_batch2.jpg"]}, "_timestamp": 1699257405.5441625, "train/box_loss": 0.011579042300581932, "train/seg_loss": 0.005190873984247446, "train/obj_loss": 0.004537987522780895, "train/cls_loss": 0.0, "metrics/precision(B)": 0.9995864462516363, "metrics/recall(B)": 1.0, "metrics/mAP_0.5(B)": 0.995, "metrics/mAP_0.5:0.95(B)": 0.9949858156028369, "metrics/precision(M)": 0.9995864462516363, "metrics/recall(M)": 1.0, "metrics/mAP_0.5(M)": 0.995, "metrics/mAP_0.5:0.95(M)": 0.9949858156028369, "val/box_loss": 0.0012788234744220972, "val/seg_loss": 0.0014128395123407245, "val/obj_loss": 0.0009770500473678112, "val/cls_loss": 0.0, "x/lr0": 0.00724, "x/lr1": 0.00724, "x/lr2": 0.00724, "Validation": [], "_runtime": 1691.7577464580536, "_step": 301, "_wandb": {"runtime": 1708}}